head,relation,tail,prompt,response,pred_relation,true_relation,verification,pred_verification,pred_relation_2
Ovidiu Petre,is affiliated to,Al Nassr FC,What is the relationship between 'Ovidiu Petre' and 'Al Nassr FC'?,'Ovidiu Petre' [plays for] 'Al Nassr FC',['plays for'],is affiliated to,"[""False. Reason: Ovidiu Petre is a former Romanian football player who predominantly played for Steaua București and he is retired now, hence he doesn't play for Al Nassr FC.""]",['false'],['is affiliated to']
Carlos Esteban Frontini,is affiliated to,Santos FC,What is the relationship between 'Carlos Esteban Frontini' and 'Santos FC'?,'Carlos Esteban Frontini' [played for] 'Santos FC',['played for'],is affiliated to,"[""False. Reason: There are no public records or evidence that Carlos Esteban Frontini played for Santos FC. As far as known, he played for various Brazilian and overseas clubs throughout his career, but Santos FC doesn't seem to be one of them.""]",['false'],['played for']
Márcio Roberto dos Santos,is affiliated to,Sport Club Internacional,What is the relationship between 'Márcio Roberto dos Santos' and 'Sport Club Internacional'?,"1. 'Márcio Roberto dos Santos' [plays for] 'Sport Club Internacional';
2. 'Márcio Roberto dos Santos' [is affiliated to] 'Sport Club Internacional'.","['plays for', 'is affiliated to']",is affiliated to,"['False. Reason: Márcio Roberto dos Santos, also known as Márcio Passos de Albuquerque or simply Márcio Santos, is a retired Brazilian footballer. During his professional career, he played for several clubs including Botafogo, Bordeaux, and Ajax, but there are no records of him playing for Sport Club Internacional.', 'False. Reason: Márcio Roberto dos Santos is not affiliated to Sport Club Internacional. There is no commonly known or easily researched link between this individual and the club.']","['false', 'false']","['is affiliated to', 'plays for']"
Vedran Celiščak,plays for,Dalian Shide F.C.,What is the relationship between 'Vedran Celiščak' and 'Dalian Shide F.C.'?,"1. 'Vedran Celiščak' [played for] 'Dalian Shide F.C.'
2. 'Vedran Celiščak' [is affiliated to] 'Dalian Shide F.C.'","['played for', 'is affiliated to']",plays for,"['False. Reason: There is no publicly available information or credible sources showing that Vedran Celiščak had played for Dalian Shide F.C.', 'False. Reason: According to currently available information, Vedran Celiščak, a Croatian football manager, is not affiliated with Dalian Shide F.C., a defunct Chinese football club. There is no evidence or record of such affiliation.']","['false', 'false']",['plays for']
Nikolay Pavlov (footballer),is affiliated to,PSFC Chernomorets Burgas,What is the relationship between 'Nikolay Pavlov (footballer)' and 'PSFC Chernomorets Burgas'?,'Nikolay Pavlov (footballer)' [plays for] 'PSFC Chernomorets Burgas'; 'Nikolay Pavlov (footballer)' [is affiliated to] 'PSFC Chernomorets Burgas',"['plays for', 'is affiliated to']",is affiliated to,"['False. Reason: As of the current data available, Nikolay Pavlov does not play for PSFC Chernomorets Burgas. Please note that player-club relationships can change over time with transfers and contracts.', 'True. Reason: Nikolay Pavlov is a professional football player who has played for PSFC Chernomorets Burgas, therefore he is affiliated with the club.']","['false', 'true']","['is affiliated to', 'is affiliated to', 'works at']"
Michael Ingham (footballer),plays for,Cliftonville F.C.,What is the relationship between 'Michael Ingham (footballer)' and 'Cliftonville F.C.'?,'Michael Ingham (footballer)' [is affiliated to] 'Cliftonville F.C.',['is affiliated to'],plays for,"['False. Reason: Michael Ingham is a retired footballer who is known for his affiliations with teams like York City F.C. and Sunderland A.F.C. However, there are no substantial records that show he was affiliated with Cliftonville F.C. Therefore, the claim that Michael Ingham is affiliated with Cliftonville F.C. is currently false in light of available knowledge.']",['false'],"['plays for', 'is affiliated to']"
Giuliano Oliviero,is affiliated to,Canada men's national under 20 soccer team,What is the relationship between 'Giuliano Oliviero' and 'Canada men's national under 20 soccer team'?,1. 'Giuliano Oliviero' [is affiliated to] 'Canada men's national under 20 soccer team'; 2. 'Giuliano Oliviero' [plays for] 'Canada men's national under 20 soccer team',"['is affiliated to', 'plays for']",is affiliated to,"[""False. Reason: Giuliano Oliviero is not currently affiliated with the Canada men's national under 20 soccer team. He is a retired Canadian soccer player and currently serves as a coach in professional soccer, but there is no evidence of his involvement with the national under 20 team."", ""False. Reason: As of the current information, Giuliano Oliviero doesn't play for the Canada men's national under 20 soccer team. He is a retired Canadian soccer player and currently serves as a coach.""]","['false', 'false']","['is leader of', 'is affiliated to', 'works at']"
Panagiotis Giannakis,is affiliated to,Boston Celtics,What is the relationship between 'Panagiotis Giannakis' and 'Boston Celtics'?,'Panagiotis Giannakis' [is affiliated to] 'Boston Celtics',['is affiliated to'],is affiliated to,"['False. Reason: Panagiotis Giannakis is a prominent Greek former professional basketball player and coach. However, there is no public record of him being affiliated with the Boston Celtics. He is best known for his association with the Greek basketball team, Olympiacos.']",['false'],"['is affiliated to', 'plays for']"
Scott Parker,plays for,Tottenham Hotspur F.C.,What is the relationship between 'Scott Parker' and 'Tottenham Hotspur F.C.'?,'Scott Parker' [played for] 'Tottenham Hotspur F.C.',['played for'],plays for,['True. Reason: Scott Parker is a professional footballer who played for Tottenham Hotspur F.C. from 2011 to 2013.'],['true'],"['plays for', 'is affiliated to']"
Răzvan Cociș,plays for,FC Universitatea Cluj,What is the relationship between 'Răzvan Cociș' and 'FC Universitatea Cluj'?,'Răzvan Cociș' [played for] 'FC Universitatea Cluj',['played for'],plays for,"['True. Reason: Răzvan Cociș is a Romanian professional footballer who has played for several clubs, including FC Universitatea Cluj.']",['true'],"['plays for', 'is affiliated to']"
Tommy Muirhead,is affiliated to,Scottish Football League XI,What is the relationship between 'Tommy Muirhead' and 'Scottish Football League XI'?,"1. 'Tommy Muirhead' [is affiliated to] 'Scottish Football League XI';
2. 'Tommy Muirhead' [plays for] 'Scottish Football League XI'.","['is affiliated to', 'plays for']",is affiliated to,"['True. Reason: Tommy Muirhead, a Scottish footballer, was affiliated to the Scottish Football League XI as he has played for them during his career.', 'True. Reason: Tommy Muirhead, a Scottish footballer, played for the Scottish Football League XI, which was a representative side of the Scottish Football League.']","['true', 'true']","['is affiliated to', 'plays for', 'is affiliated to', 'plays for']"
Scott Barron,plays for,Ipswich Town F.C.,What is the relationship between 'Scott Barron' and 'Ipswich Town F.C.'?,"'Scott Barron' [is affiliated to] 'Ipswich Town F.C.'; 'Scott Barron' [played for] 'Ipswich Town F.C.'
","['is affiliated to', 'played for']",plays for,"[""False. Reason: Scott Barron is a retired professional footballer who played as a defender for teams like Millwall FC and Brentford FC. There's no publicly available record of him being affiliated with Ipswich Town F.C.."", 'True. Reason: Scott Barron is a former professional footballer who played for Ipswich Town F.C. during his career.']","['false', 'true']",['plays for']
Bobby Campbell (Scottish footballer),is affiliated to,Chelsea F.C.,What is the relationship between 'Bobby Campbell (Scottish footballer)' and 'Chelsea F.C.'?,"1. 'Bobby Campbell (Scottish footballer)' [is affiliated to] 'Chelsea F.C.'; 
2. 'Bobby Campbell (Scottish footballer)' [plays for] 'Chelsea F.C.'; 
3. 'Bobby Campbell (Scottish footballer)' [works at] 'Chelsea F.C.'.","['is affiliated to', 'plays for', 'works at']",is affiliated to,"['True. Reason: Bobby Campbell was a Scottish footballer who served as manager for Chelsea Football Club from 1988 to 1991.', 'False. Reason: Bobby Campbell was a Scottish footballer who played for several teams, and later managed Chelsea F.C., but he did not play for Chelsea F.C.', 'False. Reason: Bobby Campbell has worked for Chelsea F.C. in the past, but he unfortunately passed away in 2015. Therefore, as of the current moment, he does not work at Chelsea F.C.']","['true', 'false', 'false']","['is affiliated to', 'is affiliated to', 'played for', 'managed']"
Ken Johnson (basketball),is affiliated to,Telekom Baskets Bonn,What is the relationship between 'Ken Johnson (basketball)' and 'Telekom Baskets Bonn'?,"1. 'Ken Johnson (basketball)' [plays for] 'Telekom Baskets Bonn'; 
2. 'Ken Johnson (basketball)' [is affiliated to] 'Telekom Baskets Bonn';","['plays for', 'is affiliated to']",is affiliated to,"[""False. Reason: Ken Johnson has played for numerous teams in his basketball career, but as of recent records, he isn't playing for Telekom Baskets Bonn. However, it should be noted that player-team associations can change frequently due to trades, contracts ending, or a player's retirement."", 'False. Reason: Ken Johnson, an American former professional basketball player, is not affiliated with Telekom Baskets Bonn based on available records. He is best known for his time with the Ohio State Buckeyes and his professional career in various other teams, but Telekom Baskets Bonn is not mentioned as one of them.']","['false', 'false']","['is affiliated to', 'plays for', 'works at']"
Harry Rennie,is affiliated to,Greenock Morton F.C.,What is the relationship between 'Harry Rennie' and 'Greenock Morton F.C.'?,'Harry Rennie' [played for] 'Greenock Morton F.C.',['played for'],is affiliated to,"['True. Reason: Harry Rennie is a recognized former player for Greenock Morton F.C., a Scottish football team.']",['true'],['played for']
Aleksandr Stavpets,plays for,FC Moscow,What is the relationship between 'Aleksandr Stavpets' and 'FC Moscow'?,'Aleksandr Stavpets' [plays for] 'FC Moscow',['plays for'],plays for,"['False. Reason: As of current information available, there is no record that a person named Aleksandr Stavpets plays for FC Moscow. It might be a misspelling or an unknown player of the team.']",['false'],['is affiliated to']
"El Paso, Texas",is located in,"Hudspeth County, Texas","What is the relationship between 'El Paso, Texas' and 'Hudspeth County, Texas'?","1. 'El Paso, Texas' [has neighbor] 'Hudspeth County, Texas';",['has neighbor'],is located in,"['True. Reason: El Paso County, where the city of El Paso, Texas resides, is adjacent to Hudspeth County, Texas. They share a common border, so they are neighboring entities.']",['true'],"['has neighbor', 'has neighbor']"
Benny Lennartsson,plays for,Fulham F.C.,What is the relationship between 'Benny Lennartsson' and 'Fulham F.C.'?,"1. Benny Lennartsson [is affiliated to] Fulham F.C.;
2. Benny Lennartsson [works at] Fulham F.C.","['is affiliated to', 'works at']",plays for,"['False. Reason: Benny Lennartsson is a Swedish football manager who has never been affiliated with Fulham F.C. based on the available public sources.', 'False. Reason: As of the current available information, Benny Lennartsson does not work at Fulham F.C. He is noted as a Swedish football manager, and has managed various teams across the globe, but there is no record of him ever working at Fulham F.C. However, this information could be subject to change.']","['false', 'false']","['is leader of', 'is affiliated to']"
Nicolás Hernández,was born in,Buenos Aires,What is the relationship between 'Nicolás Hernández' and 'Buenos Aires'?,"1. 'Nicolás Hernández' [was born in] 'Buenos Aires';
2. 'Nicolás Hernández' [lives in] 'Buenos Aires';
3. 'Nicolás Hernández' [works at] 'Buenos Aires'.","['was born in', 'lives in', 'works at']",was born in,"['False. Reason: Without specific information on who Nicolás Hernández is, it is impossible to confirm whether he was born in Buenos Aires. A person named Nicolás Hernández could have been born anywhere in the world.', ""False. Reason: Without any specific information provided in the prompt about Nicolás Hernández living in Buenos Aires, it's impossible to verify this claim. Nicolás Hernández is a common name and could refer to many individuals worldwide. Therefore, this claim cannot be verified based on common sense or general knowledge alone."", 'False. Reason: The statement is too vague. ""Works at Buenos Aires"" needs clarification. Buenos Aires is a city, not a place of employment like a business or company. However, Nicolás Hernández could work in the city of Buenos Aires, meaning he could have a job there.']","['false', 'false', 'false']","['is located in', 'was born in', 'works in']"
Alex Auld,was born in,Thunder Bay,What is the relationship between 'Alex Auld' and 'Thunder Bay'?,"1. 'Alex Auld' [was born in] 'Thunder Bay'; 
2. 'Alex Auld' [lives in] 'Thunder Bay'.","['was born in', 'lives in']",was born in,"['True. Reason: Alex Auld is a Canadian former professional ice hockey goaltender. He was born in Cold Lake, Alberta, but was raised in Thunder Bay, Ontario, hence the relationship is True.', ""False. Reason: Alex Auld, a retired professional ice hockey goaltender, was born in Thunder Bay, Ontario, Canada. However, without specific up-to-date knowledge, it cannot be confirmed whether he currently resides there. Therefore, the relationship can't be validated as true based on commonly available knowledge.""]","['true', 'false']","['was born in', 'was born in', 'is citizen of']"
Carlos Salguero,plays for,Boca Juniors,What is the relationship between 'Carlos Salguero' and 'Boca Juniors'?,'Carlos Salguero' [played for] 'Boca Juniors',['played for'],plays for,"[""False. Reason: To the best of publicly available knowledge, there is no record of a person named Carlos Salguero playing for Boca Juniors. It's recommended to check the spelling or the player's name.""]",['false'],['played for']
Roman Weidenfeller,plays for,Borussia Dortmund II,What is the relationship between 'Roman Weidenfeller' and 'Borussia Dortmund II'?,'Roman Weidenfeller' [plays for] 'Borussia Dortmund II',['plays for'],plays for,"['False. Reason: Roman Weidenfeller retired from professional football in 2018, so he no longer plays for any team.']",['false'],"['is affiliated to', 'works at']"
Phil King (footballer),plays for,Exeter City F.C.,What is the relationship between 'Phil King (footballer)' and 'Exeter City F.C.'?,'Phil King (footballer)' [played for] 'Exeter City F.C.',['played for'],plays for,"['True. Reason: Phil King is a former professional soccer player who played for several clubs, including Exeter City F.C., during his career.']",['true'],['plays for']
David Kramer (soccer),plays for,Colorado Foxes,What is the relationship between 'David Kramer (soccer)' and 'Colorado Foxes'?,'David Kramer (soccer)' [played for] 'Colorado Foxes'; 'David Kramer (soccer)' [is affiliated to] 'Colorado Foxes',"['played for', 'is affiliated to']",plays for,"['False. Reason: There is no record that David Kramer, a soccer player, ever played for Colorado Foxes, an extinct team from the American Professional Soccer League. It is necessary to verify from a trusted soccer resource or database.', 'False. Reason: As per available information, David Kramer is a soccer player, but there is no record of him being affiliated with the Colorado Foxes. The Colorado Foxes are an American professional soccer team, typically affiliations would be easily verifiable, and given the lack of information connecting David Kramer to this team, the statement is likely false.']","['false', 'false']",['plays for']
"Wilsonville, Oregon",is located in,United States,"What is the relationship between 'Wilsonville, Oregon' and 'United States'?","'Wilsonville, Oregon' [is located in] 'United States'",['is located in'],is located in,"['True. Reason: Wilsonville is a city in the U.S. state of Oregon, which confirms that it is indeed located in the United States.']",['true'],"['is located in', 'is located in']"
Paul Papp,plays for,Romania national football team,What is the relationship between 'Paul Papp' and 'Romania national football team'?,'Paul Papp' [plays for] 'Romania national football team',['plays for'],plays for,"['False. Reason: As of the current date, Paul Papp is not a part of the Romania national football team. He used to play for the team, but not anymore. The data may not reflect the current status if it has changed recently. You may need to check the most up-to-date source.']",['false'],['is affiliated to']
Wyndham Gittens,created,Flash Gordon's Trip to Mars,What is the relationship between 'Wyndham Gittens' and 'Flash Gordon's Trip to Mars'?,'Wyndham Gittens' [created] 'Flash Gordon's Trip to Mars',['created'],created,"[""False. Reason: Flash Gordon's Trip to Mars was directed by Ford Beebe and Robert F. Hill. Wyndham Gittens was one of the writers, but he did not create the movie.""]",['false'],['edited']
Nicolas Penneteau,is affiliated to,France national under 20 football team,What is the relationship between 'Nicolas Penneteau' and 'France national under 20 football team'?,'Nicolas Penneteau' [played for] 'France national under 20 football team',['played for'],is affiliated to,"['False. Reason: Based on the available data, Nicolas Penneteau has represented France at the under-21 level but there is no record of him playing for the under-20 team.']",['false'],['is affiliated to']
Michael D'Agostino,was born in,Vancouver,What is the relationship between 'Michael D'Agostino' and 'Vancouver'?,1. 'Michael D'Agostino' [lives in] 'Vancouver'; 2. 'Michael D'Agostino' [works at] 'Vancouver'; 3. 'Michael D'Agostino' [was born in] 'Vancouver'; 4. 'Michael D'Agostino' [is citizen of] 'Vancouver'; 5. 'Michael D'Agostino' [is interested in] 'Vancouver'.,"['lives in', 'works at', 'was born in', 'is citizen of', 'is interested in']",was born in,"[""False. Reason: No readily available information suggests that Michael D'Agostino lives in Vancouver. To accurately determine this, specific personal details or reliable sources would be needed, which is generally considered private information."", 'False. Reason: The statement is too vague. ""Vancouver"" is a city, not a workplace. Michael D\'Agostino could work in Vancouver, but saying someone ""works at Vancouver"" doesn\'t make sense without specific context, like a company or position.', ""False. Reason: There is no widely known person by the name Michael D'Agostino who is associated with being born in Vancouver. It may be worth reviewing the source of the information or checking whether there may have been a mix-up with the names."", ""False. Reason: Without additional specific context, it's difficult to say definitively. However, a widely known person named Michael D'Agostino, who is a prominent figure in politics, is a citizen of the United States, and there is no common record or reference suggesting that Michael D'Agostino is a citizen of Vancouver. It's advisable to do more comprehensive research to confirm this."", ""False. Reason: Without specific information from a reliable source that confirms Michael D'Agostino's interest in Vancouver, it is impossible to verify this relationship as true based on common sense.""]","['false', 'false', 'false', 'false', 'false']","['is located in', 'participated in events in', 'works in']"
Tony Naylor,has gender,male,What is the relationship between 'Tony Naylor' and 'male'?,'Tony Naylor' [has gender] 'male',['has gender'],has gender,['True. Reason: Tony Naylor is a common male name.'],['true'],"['has gender', 'has gender']"
Mike Rutherford,has musical role,wordnet cello 102992211,What is the relationship between 'Mike Rutherford' and 'wordnet cello 102992211'?,'Mike Rutherford' [has musical role] 'wordnet cello 102992211',['has musical role'],has musical role,"['False. Reason: Mike Rutherford is known as a guitarist and bassist for the rock band Genesis, but he is not commonly associated with playing the cello.']",['false'],['plays for']
Dave Simpson (soccer),plays for,Canada men's national under 20 soccer team,What is the relationship between 'Dave Simpson (soccer)' and 'Canada men's national under 20 soccer team'?,"1. 'Dave Simpson (soccer)' [is affiliated to] 'Canada men's national under 20 soccer team';
2. 'Dave Simpson (soccer)' [plays for] 'Canada men's national under 20 soccer team'","['is affiliated to', 'plays for']",plays for,"[""False. Reason: Without concrete evidence or widely known information linking Dave Simpson to the Canada men's national under 20 soccer team, it would be inaccurate to make such an affirmation. This information would probably need verification from a sports database, official team record, or reputable sports news source."", ""I'm sorry, but I can't assist with that. As an AI model developed by OpenAI, I don't have the capability to access real-time databases or the internet to provide current information. I suggest checking the current roster of the Canada men's national under 20 soccer team for the most up-to- date and accurate information.""]","['false', 'not found']","['is leader of', 'works at', 'is connected to']"
Radoslav Kunzo,is affiliated to,ŠK SFM Senec,What is the relationship between 'Radoslav Kunzo' and 'ŠK SFM Senec'?,'Radoslav Kunzo' [is affiliated to] 'ŠK SFM Senec'; 'Radoslav Kunzo' [plays for] 'ŠK SFM Senec',"['is affiliated to', 'plays for']",is affiliated to,"['True. Reason: Radoslav Kunzo is known as a professional football player who has been affiliated with several clubs, including ŠK SFM Senec.', 'True. Reason: As a football player, Radoslav Kunzo may be associated with a team or club he plays for. If the information source states that he plays for ŠK SFM Senec, then the statement is true. It is recommended to verify such information from a reliable source as team affiliations can change.']","['true', 'true']","['is affiliated to', 'plays for', 'plays for']"
Alain Caveglia,is affiliated to,FC Nantes,What is the relationship between 'Alain Caveglia' and 'FC Nantes'?,"1. 'Alain Caveglia' [played for] 'FC Nantes';
2. 'Alain Caveglia' [is affiliated to] 'FC Nantes'.","['played for', 'is affiliated to']",is affiliated to,"['True. Reason: Alain Caveglia is a retired French football striker who did play for FC Nantes.', 'True. Reason: Alain Caveglia is a retired footballer who is known to have been affiliated with FC Nantes during his professional football career.']","['true', 'true']","['is affiliated to', 'played for']"
"Ocean City, Maryland",is located in,"Worcester County, Maryland","What is the relationship between 'Ocean City, Maryland' and 'Worcester County, Maryland'?","'Ocean City, Maryland' [is located in] 'Worcester County, Maryland'",['is located in'],is located in,"['True. Reason: Ocean City is a town in Worcester County, Maryland, United States.']",['true'],"['is located in', 'is located in']"
Frank van Hattum,is affiliated to,University of Auckland,What is the relationship between 'Frank van Hattum' and 'University of Auckland'?,1. 'Frank van Hattum' [graduated from] 'University of Auckland'; 2. 'Frank van Hattum' [worked at] 'University of Auckland'.,"['graduated from', 'worked at']",is affiliated to,"['True. Reason: Frank van Hattum is a former New Zealand footballer who has indeed graduated from the University of Auckland according to publicly available biographical information.', ""False. Reason: Based on the available knowledge, Frank van Hattum is recognized for his association with football federation and banking, but there's no evidence of him working at the University of Auckland. Please note that this information might change with time and context.""]","['true', 'false']","['graduated from', 'graduated from']"
Gerd Dais,was born in,Heidelberg,What is the relationship between 'Gerd Dais' and 'Heidelberg'?,"1. 'Gerd Dais' [was born in] 'Heidelberg'; 
2. 'Gerd Dais' [lives in] 'Heidelberg'; 
3. 'Gerd Dais' [works at] 'Heidelberg'.","['was born in', 'lives in', 'works at']",was born in,"['As a language model AI developed by OpenAI, I am unable to directly access real-time information or personal databases to ensure the accuracy of current or past information, including specific biographical details. As such, I recommend using a reliable source to verify this information.', 'False. Reason: There is not enough commonly known information about the specific residence of Gerd Dais to correctly affirm or disprove this association.', 'False. Reason: This statement provides inadequate information to verify that Gerd Dais works at Heidelberg. Heidelberg is a city, not a company or organization. Also, Gerd Dais is known as a football coach, and there is no publicly accessible information indicating he works at Heidelberg.']","['not found', 'false', 'false']","['was born in', 'lives in', 'plays for']"
Tonny Brogaard,plays for,Greve Fodbold,What is the relationship between 'Tonny Brogaard' and 'Greve Fodbold'?,'Tonny Brogaard' [plays for] 'Greve Fodbold',['plays for'],plays for,"['True. Reason: Based on the phrase ""plays for"", it implies that Tonny Brogaard is an athlete who belongs to the team Greve Fodbold. Assuming the entities and relationship are up-to-date and accurate, Tonny Brogaard does play for Greve Fodbold.']",['true'],"['plays for', 'plays for']"
Makadji Boukar,plays for,Vasas SC,What is the relationship between 'Makadji Boukar' and 'Vasas SC'?,'Makadji Boukar' [plays for] 'Vasas SC',['plays for'],plays for,['False. Reason: There is no public information available that shows that Makadji Boukar plays for Vasas SC.'],['false'],['is affiliated to']
Calum Elliot,is affiliated to,Raith Rovers F.C.,What is the relationship between 'Calum Elliot' and 'Raith Rovers F.C.'?,'Calum Elliot' [plays for] 'Raith Rovers F.C.',['plays for'],is affiliated to,"['True. Reason: Calum Elliot is a former professional footballer who indeed played for Raith Rovers F.C. during his career. However, as of now, he is retired.']",['true'],"['plays for', 'plays for']"
Gustavo Victoria,plays for,Galatasaray S.K.,What is the relationship between 'Gustavo Victoria' and 'Galatasaray S.K.'?,'Gustavo Victoria' [plays for] 'Galatasaray S.K.',['plays for'],plays for,"[""False. Reason: Current data does not confirm Gustavo Victoria as a member of Galatasaray S.K.. It's important to check the most updated sources as the team composition may change over time.""]",['false'],"['is affiliated to', 'plays for']"
Graham Potter,is affiliated to,Wycombe Wanderers F.C.,What is the relationship between 'Graham Potter' and 'Wycombe Wanderers F.C.'?,"1. 'Graham Potter' [played for] 'Wycombe Wanderers F.C.'; 
2. 'Graham Potter' [is affiliated to] 'Wycombe Wanderers F.C.'","['played for', 'is affiliated to']",is affiliated to,"['True. Reason: Graham Potter had a career in football as a player before becoming a manager. He played for Wycombe Wanderers F.C. from 1993 to 1996.', 'False. Reason: As of my latest knowledge, Graham Potter is not affiliated with Wycombe Wanderers F.C. He is a football manager who is currently affiliated with Brighton & Hove Albion F.C. Please verify from a current source as affiliations can change.']","['true', 'false']","['played for', 'is affiliated to', 'works at', 'was born in', 'lives in', 'is interested in', 'owns', 'has musical role', 'is known for', 'has academic advisor', 'is leader of', 'is politician of', 'influences', 'is married to', 'has child']"
Volodymyr Muntyan,is affiliated to,S.K. Tavriya Simferopol,What is the relationship between 'Volodymyr Muntyan' and 'S.K. Tavriya Simferopol'?,'Volodymyr Muntyan' [played for] 'S.K. Tavriya Simferopol',['played for'],is affiliated to,"['False. Reason: Based on available information, Volodymyr Muntyan is a retired Ukrainian footballer who played for Dynamo Kyiv but there is no record of him playing for S.K. Tavriya Simferopol.']",['false'],"['is affiliated to', 'played for']"
Lee Keun ho,plays for,Daegu FC,What is the relationship between 'Lee Keun ho' and 'Daegu FC'?,'Lee Keun ho' [plays for] 'Daegu FC',['plays for'],plays for,"['False. Reason: As of the latest information, Lee Keun-ho does not play for Daegu FC. He last played for Ulsan Hyundai in the K League 1. Please verify from a current source as player transfers occur frequently in football.']",['false'],"['is affiliated to', 'plays for']"
Hex (film),is located in,United States,What is the relationship between 'Hex (film)' and 'United States'?,"1. 'Hex (film)' [is located in] 'United States';
2. 'Hex (film)' [was created in] 'United States'.","['is located in', 'was created in']",is located in,"['False. Reason: A film cannot be physically located in a place, films are created and produced in locations, not located. It might have been produced or set in the United States, but the film itself cannot be located in a place.', 'False. Reason: The movie ""Hex"" is a British-Hong Kong horror film created by Hammer Film Productions and Shaw Brothers Studio in 1973, not in the United States.']","['false', 'false']","['was created in', 'was produced in', 'was filmed in']"
Cédric Barbosa,is affiliated to,FC Metz,What is the relationship between 'Cédric Barbosa' and 'FC Metz'?,'Cédric Barbosa' [plays for] 'FC Metz',['plays for'],is affiliated to,"['False. Reason: Cédric Barbosa is a retired French footballer and as of the latest information, he does not play for FC Metz. He last played for Evian Thonon Gaillard F.C.']",['false'],['is affiliated to']
Bill Buxton,works at,PARC (company),What is the relationship between 'Bill Buxton' and 'PARC (company)'?,"1. 'Bill Buxton' [works at] 'PARC (company)'; 
2. 'Bill Buxton' [is affiliated to] 'PARC (company)'.","['works at', 'is affiliated to']",works at,"[""False. Reason: Bill Buxton is a renowned computer scientist and designer, but there's no widely recognized information that states he works or has worked at PARC, a Xerox company. His more notable association in terms of employment is with Microsoft Research."", 'False. Reason: Bill Buxton is a Canadian computer scientist and designer. He is best known for his work at Xerox PARC and Silicon Graphics, not PARC (a Xerox company).']","['false', 'false']","['worked at', 'is connected to', 'influences', 'deals with', 'created']"
Tancredo Neves International Airport,is connected to,Porto Velho,What is the relationship between 'Tancredo Neves International Airport' and 'Porto Velho'?,'Tancredo Neves International Airport' [is connected to] 'Porto Velho',['is connected to'],is connected to,"['True. Reason: Tancredo Neves International Airport, also known as Confins Airport, located in Brazil, is a large international airport that can connect flights to Porto Velho, another city in Brazil, through domestic airlines.']",['true'],"['is connected to', 'is connected to', 'is located in', 'deals with', 'influences', 'importers']"
Carlos Ischia,is affiliated to,América de Cali,What is the relationship between 'Carlos Ischia' and 'América de Cali'?,1. 'Carlos Ischia' [is affiliated to] 'América de Cali'; 2. 'Carlos Ischia' [works at] 'América de Cali'; 3. 'Carlos Ischia' [is leader of] 'América de Cali'.,"['is affiliated to', 'works at', 'is leader of']",is affiliated to,"['False. Reason: Carlos Ischia is an Argentine football manager who is not affiliated with América de Cali, a professional Colombian football team. He has never managed or played for the team as per available records.', 'False. Reason: As of my knowledge up to date, Carlos Ischia is not officially linked with América de Cali. His previous connections have been with teams like Boca Juniors and Deportivo Quito among others. Please, check the most recent and official team sources for the most updated information.', 'False. Reason: As of my current knowledge, Carlos Ischia is not the leader of América de Cali. Carlos Ischia is an Argentine football coach who has not been linked to América de Cali. Please verify this from a more recent source as coaching staff can change from year to year.']","['false', 'false', 'false']","['plays for', 'is affiliated to', 'coaches']"
Reggie Slater,is affiliated to,Portland Trail Blazers,What is the relationship between 'Reggie Slater' and 'Portland Trail Blazers'?,'Reggie Slater' [played for] 'Portland Trail Blazers',['played for'],is affiliated to,"['False. Reason: Reggie Slater is a former professional basketball player, but there is no record of him having played for the Portland Trail Blazers in his professional career.']",['false'],['played for']
Karel Schwarzenberg,is affiliated to,Independent (politician),What is the relationship between 'Karel Schwarzenberg' and 'Independent (politician)'?,"1. 'Karel Schwarzenberg' [is politician of] 'Independent (politician)'; 
2. 'Karel Schwarzenberg' [is affiliated to] 'Independent (politician)'.","['is politician of', 'is affiliated to']",is affiliated to,"[""False. Reason: The phrasing of the relationship is incorrect because Karel Schwarzenberg is a politician who is independent, rather than being a politician of 'Independent'. 'Independent' is not a political party but a descriptor of his political affiliation."", 'False. Reason: Karel Schwarzenberg is a notable politician from the Czech Republic. While he\'s known for his independence in political ideas, the term ""Independent"" refers to a politician not affiliated with any political party. Thus, you can\'t be ""affiliated to"" an Independent because it\'s a classification, not a group or organization. Also, Karel Schwarzenberg had been affiliated with the TOP 09 party.']","['false', 'false']","['is affiliated to', 'is interested in']"
Hans Günter Bruns,is affiliated to,Borussia Mönchengladbach,What is the relationship between 'Hans Günter Bruns' and 'Borussia Mönchengladbach'?,'Hans Günter Bruns' [played for] 'Borussia Mönchengladbach',['played for'],is affiliated to,"['True. Reason: Hans Günter Bruns is a retired German footballer who played as a midfielder. His career included a stint with Borussia Mönchengladbach, a football club in Germany.']",['true'],['played for']
Mauricio Almada,plays for,Deportivo Merlo,What is the relationship between 'Mauricio Almada' and 'Deportivo Merlo'?,'Mauricio Almada' [plays for] 'Deportivo Merlo',['plays for'],plays for,"[""False. Reason: Based on available online resources, Mauricio Almada does not play for Deportivo Merlo. The associations of players with teams can change frequently due to transfers, retirements, etc., hence it's important to have the most recent updates.""]",['false'],"['is affiliated to', 'plays for']"
Komtoèga Department,is located in,Centre Est Region,What is the relationship between 'Komtoèga Department' and 'Centre Est Region'?,'Komtoèga Department' [is located in] 'Centre Est Region',['is located in'],is located in,['True. Reason: Komtoèga Department is indeed located in the Centre Est Region of Burkina Faso.'],['true'],"['is located in', 'is located in']"
Álvaro Mejía Pérez,is affiliated to,Real Madrid C.F.,What is the relationship between 'Álvaro Mejía Pérez' and 'Real Madrid C.F.'?,"1. 'Álvaro Mejía Pérez' [played for] 'Real Madrid C.F.'; 
2. 'Álvaro Mejía Pérez' [is affiliated to] 'Real Madrid C.F.'","['played for', 'is affiliated to']",is affiliated to,"['True. Reason: Álvaro Mejía Pérez is a former professional footballer and his career includes playing for Real Madrid C.F., which is a top-level football club in Spain.', 'False. Reason: Álvaro Mejía Pérez is a retired Spanish footballer who was affiliated with Real Madrid C.F. during part of his professional career. But as per the current context, he is not affiliated with Real Madrid C.F. since he is retired.']","['true', 'false']","['plays for', 'is affiliated to', 'works at']"
Alastair Sim,acted in,Blue Murder at St Trinian's,What is the relationship between 'Alastair Sim' and 'Blue Murder at St Trinian's'?,'Alastair Sim' [acted in] 'Blue Murder at St Trinian's',['acted in'],acted in,"['True. Reason: Alastair Sim is a notable actor in the movie ""Blue Murder at St Trinian\'s"", where he played the roles of both Millicent Fritton and her brother Clarence.']",['true'],"['acted in', 'acted in', 'is known for']"
Ahmet Kuru,is affiliated to,FC St. Pauli,What is the relationship between 'Ahmet Kuru' and 'FC St. Pauli'?,'Ahmet Kuru' [plays for] 'FC St. Pauli',['plays for'],is affiliated to,"['True. Reason: Ahmet Kuru is a professional footballer who played for FC St. Pauli. This information, however, may vary as players often switch clubs throughout their career.']",['true'],"['plays for', 'plays for', 'is affiliated to']"
Stjepan Mesić,has won prize,Order of the White Double Cross,What is the relationship between 'Stjepan Mesić' and 'Order of the White Double Cross'?,'Stjepan Mesić' [has won prize] 'Order of the White Double Cross',['has won prize'],has won prize,"['True. Reason: Stjepan Mesić, the former President of Croatia, was awarded the Order of the White Double Cross which is the highest state decoration of Slovakia.']",['true'],"['has won prize', 'has won prize']"
Cyril Robinson,plays for,Northwich Victoria F.C.,What is the relationship between 'Cyril Robinson' and 'Northwich Victoria F.C.'?,'Cyril Robinson' [plays for] 'Northwich Victoria F.C.',['plays for'],plays for,"['False. Reason: As of my current knowledge, Cyril Robinson is famous for his association with Blackpool F.C., where he played as a footballer, not Northwich Victoria F.C. However, football trades and player transfers occur frequently, and the information might not be updated at the time. Please check the latest resources for confirmation.']",['false'],"['is affiliated to', 'works at']"
Nikola Mikelini,has gender,male,What is the relationship between 'Nikola Mikelini' and 'male'?,'Nikola Mikelini' [has gender] 'male',['has gender'],has gender,"['False. Reason: There is no widely known or public figure named Nikola Mikelini, so it is not possible to determine the gender of this entity.']",['false'],['has gender']
Pat Sharkey,is affiliated to,Northern Ireland national football team,What is the relationship between 'Pat Sharkey' and 'Northern Ireland national football team'?,"1. 'Pat Sharkey' [plays for] 'Northern Ireland national football team'; 
2. 'Pat Sharkey' [is affiliated to] 'Northern Ireland national football team'.","['plays for', 'is affiliated to']",is affiliated to,"['False. Reason: There is no widely recognized information or record that a person named Pat Sharkey played for the Northern Ireland national football team. Please note that the situation may change if new information becomes available or if there is a minor or amateur player by that name not covered in typical references.', ""False. Reason: There is no available information to indicate that Pat Sharkey is affiliated with the Northern Ireland national football team. Therefore, based on available information, this relationship doesn't exist.""]","['false', 'false']","['is affiliated to', 'has played in team', 'represented']"
Moritz Volz,is affiliated to,FC Schalke 04,What is the relationship between 'Moritz Volz' and 'FC Schalke 04'?,1. 'Moritz Volz' [plays for] 'FC Schalke 04'; 2. 'Moritz Volz' [is affiliated to] 'FC Schalke 04'.,"['plays for', 'is affiliated to']",is affiliated to,"['False. Reason: Moritz Volz is a retired German footballer. According to available records, he never played for FC Schalke 04 during his professional career.', 'False. Reason: As of the information available, Moritz Volz is a retired footballer who played for several clubs, but FC Schalke 04 is not one of them. He is also known for his coaching career, but none of his affiliations include FC Schalke 04.']","['false', 'false']",['is affiliated to']
"Calistoga, California",is located in,United States,"What is the relationship between 'Calistoga, California' and 'United States'?","'Calistoga, California' [is located in] 'United States'",['is located in'],is located in,"['True. Reason: Calistoga is a city in Napa County, California, which is a state in the United States.']",['true'],"['is located in', 'is located in']"
Bruno Barbosa da Encarnação,is affiliated to,Atlético Clube Goianiense,What is the relationship between 'Bruno Barbosa da Encarnação' and 'Atlético Clube Goianiense'?,'Bruno Barbosa da Encarnação' [plays for] 'Atlético Clube Goianiense',['plays for'],is affiliated to,['False. Reason: Bruno Barbosa da Encarnação does not play for Atlético Clube Goianiense. He is not a known footballer.'],['false'],['is affiliated to']
Jesús Turiel,is affiliated to,Real Valladolid B,What is the relationship between 'Jesús Turiel' and 'Real Valladolid B'?,'Jesús Turiel' [plays for] 'Real Valladolid B',['plays for'],is affiliated to,"['False. Reason: Currently, there is no publicly available information that validates the claim that Jesús Turiel plays for Real Valladolid B.']",['false'],"['is affiliated to', 'plays for', 'works at', 'is interested in', 'is leader of']"
Paul Newman,acted in,Cars (film),What is the relationship between 'Paul Newman' and 'Cars (film)'?,1. 'Paul Newman' [acted in] 'Cars (film)',['acted in'],acted in,['True. Reason: Paul Newman provided the voice for the character Doc Hudson in the Cars movie.'],['true'],"['acted in', 'acted in', 'is connected to', 'is known for']"
Richard Murphy (screenwriter),was born in,Boston,What is the relationship between 'Richard Murphy (screenwriter)' and 'Boston'?,"1. Richard Murphy (screenwriter) [was born in] Boston;
2. Richard Murphy (screenwriter) [lives in] Boston; 
3. Richard Murphy (screenwriter) [graduated from] Boston.","['was born in', 'lives in', 'graduated from']",was born in,"['False. Reason: Richard Murphy, the screenwriter, was born in New York City, not Boston.', ""False. Reason: Without specific information about Richard Murphy's current residence, it is impossible to confirm where he lives based on common knowledge."", 'False. Reason: Boston is a city, not an educational institution. Therefore, Richard Murphy, or anyone else for that matter, can\'t ""graduate"" from it. The statement would make sense if it specified a school or university in Boston.']","['false', 'false', 'false']","['is born in', 'lives in', 'works at', 'is citizen of']"
Eugenio Peralta,is affiliated to,Deportivo Paraguayo,What is the relationship between 'Eugenio Peralta' and 'Deportivo Paraguayo'?,'Eugenio Peralta' [plays for] 'Deportivo Paraguayo',['plays for'],is affiliated to,"['False. Reason: Verification is needed for this statement as this information changes frequently. As of my current knowledge, Eugenio Peralta is not associated with Deportivo Paraguayo.']",['false'],"['is affiliated to', 'plays for']"
Peter Till,was born in,Walsall,What is the relationship between 'Peter Till' and 'Walsall'?,"1. 'Peter Till' [played for] 'Walsall';
2. 'Peter Till' [is affiliated to] 'Walsall'.","['played for', 'is affiliated to']",was born in,"['True. Reason: Peter Till is a professional footballer who had a spell with Walsall during his career.', 'True. Reason: Peter Till is a footballer who has been affiliated with Walsall F.C. during his career.']","['true', 'true']","['is affiliated to', 'played for']"
Christian Lantignotti,plays for,Calcio Padova,What is the relationship between 'Christian Lantignotti' and 'Calcio Padova'?,'Christian Lantignotti' [plays for] 'Calcio Padova',['plays for'],plays for,"['False. Reason: As of my knowledge record until 2021, Christian Lantignotti does not play for Calcio Padova. Please verify this from the most current and accurate source.']",['false'],['is affiliated to']
Nicolás Asencio,plays for,Club Deportivo El Nacional,What is the relationship between 'Nicolás Asencio' and 'Club Deportivo El Nacional'?,'Nicolás Asencio' [plays for] 'Club Deportivo El Nacional',['plays for'],plays for,"['False. Reason: As of my knowledge up to date, Nicolás Asencio, former professional footballer from Ecuador, last played for club Guayaquil City. However, keep in mind that transfers and retirements may happen, and the information might have changed. Therefore, a recent search might be beneficial.']",['false'],['is affiliated to']
Gonzalo Abán,plays for,Racing de Olavarría,What is the relationship between 'Gonzalo Abán' and 'Racing de Olavarría'?,'Gonzalo Abán' [played for] 'Racing de Olavarría',['played for'],plays for,"['True. Reason: Gonzalo Abán is a professional footballer who indeed played for Racing de Olavarría, an Argentine football club.']",['true'],['played for']
Luis Anaya,is affiliated to,Alianza F.C.,What is the relationship between 'Luis Anaya' and 'Alianza F.C.'?,"1. 'Luis Anaya' [plays for] 'Alianza F.C.'
2. 'Luis Anaya' [is affiliated to] 'Alianza F.C.'","['plays for', 'is affiliated to']",is affiliated to,"['False. Reason: As of right now, if there is no online information that Luis Anaya plays for Alianza F.C., we can say that this statement is false. Specific information about current players, teams, and transfers should always be confirmed from up-to-date, reliable sources.', 'False. Reason: As of my last update, there is no readily available information to suggest that Luis Anaya is affiliated with Alianza F.C. Affiliations of this nature typically pertain to employment or team membership, which would commonly be noted in career summaries or biographies. Without such information, we cannot affirm this connection. Note that this answer may change if new information becomes available or if it relates to an unknown or less publicized connection.']","['false', 'false']","['is affiliated to', 'plays for', 'works at']"
Kota Mizunuma,plays for,Japan national under 20 football team,What is the relationship between 'Kota Mizunuma' and 'Japan national under 20 football team'?,'Kota Mizunuma' [is affiliated to] 'Japan national under 20 football team',['is affiliated to'],plays for,['True. Reason: Kota Mizunuma was a member of the Japan national under 20 football team in his early career.'],['true'],"['is affiliated to', 'is affiliated to']"
Fukuoka Airport,is connected to,Ninoy Aquino International Airport,What is the relationship between 'Fukuoka Airport' and 'Ninoy Aquino International Airport'?,'Fukuoka Airport' [is connected to] 'Ninoy Aquino International Airport',['is connected to'],is connected to,"['True. Reason: Fukuoka Airport and Ninoy Aquino International Airport are connected by international flights, which allows passengers to travel between these two airports.']",['true'],"['is connected to', 'is connected to']"
John Moffat (physicist),lives in,Canada,What is the relationship between 'John Moffat (physicist)' and 'Canada'?,"1. 'John Moffat (physicist)' [lives in] 'Canada'; 
2. 'John Moffat (physicist)' [is citizen of] 'Canada'.","['lives in', 'is citizen of']",lives in,"['True. Reason: John Moffat, a physicist, is known to be a resident of Canada.', 'True. Reason: John Moffat is a Danish-born Canadian physicist. Hence, he holds citizenship of Canada.']","['true', 'true']","['lives in', 'is citizen of', 'lives in', 'is citizen of', 'works at', 'is affiliated to']"
Dominik Werling,is affiliated to,Barnsley F.C.,What is the relationship between 'Dominik Werling' and 'Barnsley F.C.'?,'Dominik Werling' [plays for] 'Barnsley F.C.',['plays for'],is affiliated to,"['True. Reason: As of the current records, Dominik Werling is indeed a player for Barnsley F.C..']",['true'],"['plays for', 'plays for']"
Ryan Finley (soccer),plays for,United States men's national under 18 soccer team,What is the relationship between 'Ryan Finley (soccer)' and 'United States men's national under 18 soccer team'?,'Ryan Finley (soccer)' [plays for] 'United States men's national under 18 soccer team',['plays for'],plays for,"[""False. Reason: As of my knowledge cutoff in 2021, Ryan Finley, the professional soccer player, has played for Major League Soccer (MLS) teams, but no evidence or information indicates that he has ever played for the United States men's national under-18 soccer team. He may have or may not have played for the team in earlier years, but this information is not available to me. Quick access, accurate, and up-to-date data from a relevant database is necessary to definitively confirm this kind of entity-relationship.""]",['false'],['is affiliated to']
Dmytro Yesin,plays for,FC Shakhtar 3 Donetsk,What is the relationship between 'Dmytro Yesin' and 'FC Shakhtar 3 Donetsk'?,'Dmytro Yesin' [is affiliated to] 'FC Shakhtar 3 Donetsk',['is affiliated to'],plays for,['True. Reason: Dmytro Yesin is a Ukrainian footballer who plays as a defender for FC Shakhtar 3 Donetsk.'],['true'],"['is affiliated to', 'plays for']"
"Miami Springs, Florida",is located in,United States,"What is the relationship between 'Miami Springs, Florida' and 'United States'?","'Miami Springs, Florida' [is located in] 'United States'",['is located in'],is located in,"['True. Reason: Miami Springs is a city in Miami-Dade County, Florida, which is indeed located in the United States.']",['true'],"['is located in', 'is located in']"
René Vandereycken,is affiliated to,Club Brugge KV,What is the relationship between 'René Vandereycken' and 'Club Brugge KV'?,1. 'René Vandereycken' [played for] 'Club Brugge KV'; 2. 'René Vandereycken' [coached] 'Club Brugge KV'; 3. 'René Vandereycken' [is affiliated to] 'Club Brugge KV',"['played for', 'coached', 'is affiliated to']",is affiliated to,"['True. Reason: René Vandereycken is a former Belgian football player who played for Club Brugge KV as a midfielder.', 'True. Reason: René Vandereycken, as a football coach, has managed several teams in his career and Club Brugge KV is one of them. He coached this team from 1990 to 1993.', 'True. Reason: René Vandereycken is a former Belgian footballer and football manager who had an affiliation with Club Brugge KV as a player.']","['true', 'true', 'true']","['is affiliated to', 'played for', 'is affiliated to', 'is interested in']"
David Chase,was born in,"Mount Vernon, New York","What is the relationship between 'David Chase' and 'Mount Vernon, New York'?","1. 'David Chase' [was born in] 'Mount Vernon, New York'; 
2. 'David Chase' [lives in] 'Mount Vernon, New York'.","['was born in', 'lives in']",was born in,"['True. Reason: David Chase, the television producer known for creating ""The Sopranos"", was indeed born in Mount Vernon, New York.', 'False. Reason: The information on the residence of David Chase, the creator of ""The Sopranos"", is not publicly available. Therefore, without specific evidence, we can\'t conclude that he lives in Mount Vernon, New York. It\'s important to note that personal details like residence can often change and may not be updated in all databases, which makes it crucial to approach such information with caution.']","['true', 'false']","['was born in', 'was born in']"
Peter Cullen,acted in,Springtime with Roo,What is the relationship between 'Peter Cullen' and 'Springtime with Roo'?,1. 'Peter Cullen' [acted in] 'Springtime with Roo',['acted in'],acted in,"['True. Reason: Peter Cullen, a well-known voice actor, provided the voice for Eeyore in ""Springtime with Roo"".']",['true'],"['acted in', 'acted in']"
Radosav Petrović,plays for,FK Partizan,What is the relationship between 'Radosav Petrović' and 'FK Partizan'?,1. 'Radosav Petrović' [plays for] 'FK Partizan'; 2. 'Radosav Petrović' [is affiliated to] 'FK Partizan'.,"['plays for', 'is affiliated to']",plays for,"['True. Reason: Radosav Petrović is a Serbian professional footballer who plays for FK Partizan.', 'True. Reason: Radosav Petrović is a Serbian professional footballer who has played for FK Partizan in the past, affirming the affiliation. Please note that player-club affiliations may change over time depending upon transfers.\n']","['true', 'true']","['plays for', 'is affiliated to', 'plays for']"
Val Teixeira,is affiliated to,Rhode Island Stingrays,What is the relationship between 'Val Teixeira' and 'Rhode Island Stingrays'?,"1. 'Val Teixeira' [plays for] 'Rhode Island Stingrays'; 
2. 'Val Teixeira' [is affiliated to] 'Rhode Island Stingrays'.","['plays for', 'is affiliated to']",is affiliated to,"['False. Reason: Val Teixeira is not documented as a player for the Rhode Island Stingrays in any known records or references. Always remember information may have changed after the last data update.', 'False. Reason: There is no public information available to suggest that Val Teixeira is or was affiliated with the Rhode Island Stingrays.']","['false', 'false']","['plays for', 'is affiliated to', 'works at']"
Darren Daye,is affiliated to,LNB Pro A,What is the relationship between 'Darren Daye' and 'LNB Pro A'?,"1. 'Darren Daye' [played for] 'LNB Pro A'; 
2. 'Darren Daye' [is affiliated to] 'LNB Pro A'","['played for', 'is affiliated to']",is affiliated to,"[""False. Reason: Darren Daye is a former professional basketball player who played for several teams in the NBA (National Basketball Association) and Europe, but there is no record showing that he played in France's LNB Pro A."", 'False. Reason: Darren Daye, a former professional basketball player, had played in NBA and various other European leagues, but there is no public record of him being affiliated directly to LNB Pro A, which is a top-tier professional basketball league in France.']","['false', 'false']","['plays for', 'is affiliated to']"
Voćin,is located in,Virovitica Podravina County,What is the relationship between 'Voćin' and 'Virovitica Podravina County'?,'Voćin' [is located in] 'Virovitica Podravina County',['is located in'],is located in,"['True. Reason: Voćin is a village in Croatia, and it is indeed located within Virovitica-Podravina County.']",['true'],"['is located in', 'is located in']"
Lewis John Carlino,has won prize,Saturn Award,What is the relationship between 'Lewis John Carlino' and 'Saturn Award'?,'Lewis John Carlino' [has won prize] 'Saturn Award',['has won prize'],has won prize,"['False. Reason: There is no readily available information to suggest that Lewis John Carlino, a well-known screenwriter and director, has won a Saturn Award, which is presented annually by the Academy of Science Fiction, Fantasy and Horror Films.']",['false'],['has won prize']
Levan Maghradze,plays for,Ethnikos Achna FC,What is the relationship between 'Levan Maghradze' and 'Ethnikos Achna FC'?,'Levan Maghradze' [plays for] 'Ethnikos Achna FC',['plays for'],plays for,"['This statement is unverifiable without up-to-date knowledge or database access, as player rosters in football clubs can change frequently due to trades, injuries, retirements etc. The assistant will need access to recent and accurate data about football teams and their players to verify this statement.']",['not found'],['plays for']
John O'Neill (Northern Ireland footballer),plays for,Queens Park Rangers F.C.,What is the relationship between 'John O'Neill (Northern Ireland footballer)' and 'Queens Park Rangers F.C.'?,'John O'Neill (Northern Ireland footballer)' [played for] 'Queens Park Rangers F.C.',['played for'],plays for,"[""True. Reason: John O'Neill is a former professional footballer from Northern Ireland and he played for Queens Park Rangers F.C. during his career.""]",['true'],['played for']
Vladimir Vujović (footballer),plays for,FK Sutjeska Nikšić,What is the relationship between 'Vladimir Vujović (footballer)' and 'FK Sutjeska Nikšić'?,'Vladimir Vujović (footballer)' [plays for] 'FK Sutjeska Nikšić',['plays for'],plays for,"['True. Reason: According to information available, Vladimir Vujović is a professional footballer who plays for the FK Sutjeska Nikšić football club.']",['true'],"['plays for', 'plays for']"
"Indianola, Iowa",is located in,"Warren County, Iowa","What is the relationship between 'Indianola, Iowa' and 'Warren County, Iowa'?","'Indianola, Iowa' [is located in] 'Warren County, Iowa'",['is located in'],is located in,"['True. Reason: Indianola is the county seat of Warren County, Iowa. So yes, it is located in Warren County.']",['true'],"['is located in', 'is located in']"
Trimi Makolli,is affiliated to,IK Frej,What is the relationship between 'Trimi Makolli' and 'IK Frej'?,'Trimi Makolli' [plays for] 'IK Frej',['plays for'],is affiliated to,"['False. Reason: Trimi Makolli is an author and not associated with any sports team, such as IK Frej. Therefore, he does not play for IK Frej.']",['false'],['is affiliated to']
Bernd Nehrig,plays for,FC St. Pauli,What is the relationship between 'Bernd Nehrig' and 'FC St. Pauli'?,'Bernd Nehrig' [plays for] 'FC St. Pauli',['plays for'],plays for,"['False. Reason: Bernd Nehrig is a retired German footballer who used to play for FC St. Pauli. However, as of the current time, he is not actively playing for FC St. Pauli.']",['false'],['is affiliated to']
Fuzhou Changle International Airport,is connected to,Shenzhen Bao'an International Airport,What is the relationship between 'Fuzhou Changle International Airport' and 'Shenzhen Bao'an International Airport'?,'Fuzhou Changle International Airport' [is connected to] 'Shenzhen Bao'an International Airport',['is connected to'],is connected to,"['True. Reason: These are both prominent international airports in China, and it is common for international airports to have connections to each other either through direct flights or connections.']",['true'],"['is connected to', 'is connected to']"
Rosalyn Sussman Yalow,has won prize,Albert Lasker Award for Basic Medical Research,What is the relationship between 'Rosalyn Sussman Yalow' and 'Albert Lasker Award for Basic Medical Research'?,'Rosalyn Sussman Yalow' [has won prize] 'Albert Lasker Award for Basic Medical Research',['has won prize'],has won prize,['True. Reason: Rosalyn Sussman Yalow was awarded the Albert Lasker Award for Basic Medical Research in 1975 for the development of radioimmunoassays of peptide hormones.'],['true'],"['has won prize', 'has won prize']"
Anthony Bowie,is affiliated to,Lega Basket Serie A,What is the relationship between 'Anthony Bowie' and 'Lega Basket Serie A'?,'Anthony Bowie' [played for] 'Lega Basket Serie A',['played for'],is affiliated to,"[""False. Reason: Anthony Bowie is a retired American basketball player who has played in the NBA but there's no record indicating that he played for the Lega Basket Serie A in Italy.""]",['false'],"['plays for', 'is affiliated to']"
Germán Pinillos,is affiliated to,Manager (association football),What is the relationship between 'Germán Pinillos' and 'Manager (association football)'?,"1. 'Germán Pinillos' [has musical role] 'Manager (association football)';
2. 'Germán Pinillos' [is affiliated to] 'Manager (association football)';
3. 'Germán Pinillos' [is interested in] 'Manager (association football)'.
The most likely relationship would be 'Germán Pinillos' [has musical role] 'Manager (association football)' if Germán Pinillos is a soccer player who has assumed the role of a manager. However, without specific context, it's difficult to firmly determine the relationships.","['has musical role', 'is affiliated to', 'is interested in', 'has musical role']",is affiliated to,"['False. Reason: Germán Pinillos is a professional football player, not a manager in association football.', 'False. Reason: In the triple format, \'Germán Pinillos\' is a person\'s name and \'Manager (association football)\' is a role or a job. The sentence should read ""\'Germán Pinillos\' [is a] \'Manager (association football)\' or Germán Pinillos\' [is] \'Manager (association football)\' if he is or was a manager of a football team. Affiliation refers to the connection of a person with an organization or a team. With this format and information given, we cannot determine the relationship.', ""False. Reason: Without specific information about Germán Pinillos's interests, it's not possible to confirm whether he is interested in the role of Manager in association football."", ""False. Reason: Germán Pinillos is a professional footballer and doesn't have a record of a musical role. The role of a manager in association football is unrelated to musical activities.""]","['false', 'false', 'false', 'false']","['is affiliated to', 'works at']"
Ivan Starkov,plays for,FC SKA Energiya Khabarovsk,What is the relationship between 'Ivan Starkov' and 'FC SKA Energiya Khabarovsk'?,'Ivan Starkov' [plays for] 'FC SKA Energiya Khabarovsk',['plays for'],plays for,"[""False. Reason: Without the most current and specific knowledge base or real-time data, we can't definitively verify whether Ivan Starkov currently plays for FC SKA Energiya Khabarovsk. His association with the team could change based on transfers, retirements, or other factors. Therefore, accurate responses require context-specific information that is up-to-date.""]",['false'],['is affiliated to']
"Gertrude of Babenberg, Duchess of Bohemia",has child,"Frederick, Duke of Bohemia","What is the relationship between 'Gertrude of Babenberg, Duchess of Bohemia' and 'Frederick, Duke of Bohemia'?","1. 'Gertrude of Babenberg, Duchess of Bohemia' [is married to] 'Frederick, Duke of Bohemia'; 
2. 'Gertrude of Babenberg, Duchess of Bohemia' [is affiliated to] 'Frederick, Duke of Bohemia'.","['is married to', 'is affiliated to']",has child,"[""False. Reason: Despite Gertrude of Babenberg being a historical figure from the House of Babenberg, there's no historical record or plausible connection suggesting that she was married to Frederick, Duke of Bohemia. Gertrude of Babenberg was married to Vladislaus II, Duke of Bohemia."", 'True. Reason: Gertrude of Babenberg was the wife of Frederick, Duke of Bohemia, therefore she was affiliated to him.']","['false', 'true']","['is affiliated to', 'is married to', 'is affiliated to']"
